x_axis(arcsec),Stellar_Profile(Jy/arcsec^2)
0.0,0.002751344204966906
3.2,0.0027398706522434955
6.4,0.0023771423824296514
9.600000000000001,0.0017469506136736854
12.8,0.0012580138352276547
16.0,0.001009170260728574
19.200000000000003,0.0009040068069271723
22.400000000000002,0.0008040463894332005
25.6,0.0007059466246644248
28.8,0.0006176546828899637
32.0,0.0005417370756720349
35.2,0.0004849283787890694
38.400000000000006,0.00043542332924025257
41.6,0.00037032488126767613
44.800000000000004,0.0002936154805187271
48.0,0.00022101534067862666
51.2,0.0001559938768136612
54.400000000000006,0.00010055286213069803
57.6,5.96817034535511e-05
60.800000000000004,3.7496267901934186e-05
64.0,2.653763505128138e-05
67.2,1.979191256049178e-05
70.4,1.5693304168475025e-05
73.60000000000001,1.3058851786959958e-05
76.80000000000001,1.1154599965465252e-05
80.0,9.743312779053066e-06
83.2,8.467613475937492e-06
86.4,7.539014104317049e-06
89.60000000000001,6.787496909700443e-06
92.80000000000001,6.0538603096492835e-06
96.0,5.525413055010185e-06
99.2,5.001815785374982e-06
102.4,4.624590880844024e-06
105.60000000000001,4.197981095042526e-06
108.80000000000001,3.839684297226069e-06
112.0,3.559167619070884e-06
115.2,3.2658955765494508e-06
118.4,3.073633242002734e-06
121.60000000000001,2.8488097813348393e-06
124.80000000000001,2.553600385410363e-06
128.0,2.3815399906172134e-06
131.20000000000002,2.2168666432372414e-06
134.4,2.111858011468608e-06
137.6,1.9602336006868046e-06
140.8,1.8567691626177567e-06
144.0,1.7459288586578707e-06
147.20000000000002,1.6581188514587138e-06
150.4,1.5939043571304104e-06
153.60000000000002,1.4875619891217189e-06
156.8,1.4417643746411712e-06
160.0,1.376632169663672e-06
163.20000000000002,1.3542967692352375e-06
166.4,1.347421234524803e-06
169.60000000000002,1.437590658358546e-06
